Larissa de Oliveira Augusto;https://netunodigital.github.io/prh20/img/larissa.png
Larissa de Oliveira Augusto;https://netunodigital.github.io/prh20/img/larissa.png
Larissa de Oliveira Augusto;https://netunodigital.github.io/prh20/img/larissa.png
Larissa de Oliveira Augusto;https://netunodigital.github.io/prh20/img/larissa.png
Larissa de Oliveira Augusto;https://netunodigital.github.io/prh20/img/larissa.png
Larissa de Oliveira Augusto;https://netunodigital.github.io/prh20/img/larissa.png
Larissa de Oliveira Augusto;https://netunodigital.github.io/prh20/img/larissa.png
Larissa de Oliveira Augusto;https://netunodigital.github.io/prh20/img/larissa.png
Larissa de Oliveira Augusto;https://netunodigital.github.io/prh20/img/larissa.png
Larissa de Oliveira Augusto;https://netunodigital.github.io/prh20/img/larissa.png
Larissa de Oliveira Augusto;https://netunodigital.github.io/prh20/img/larissa.png
Larissa de Oliveira Augusto;https://netunodigital.github.io/prh20/img/larissa.png
Larissa de Oliveira Augusto;https://netunodigital.github.io/prh20/img/larissa.png
Larissa de Oliveira Augusto;https://netunodigital.github.io/prh20/img/larissa.png
Larissa de Oliveira Augusto;https://netunodigital.github.io/prh20/img/larissa.png
Larissa de Oliveira Augusto;https://netunodigital.github.io/prh20/img/larissa.png
Larissa de Oliveira Augusto;https://netunodigital.github.io/prh20/img/larissa.png
Larissa de Oliveira Augusto;https://netunodigital.github.io/prh20/img/larissa.png
